,name,score,idx
8,A67V,5.18366596598,67
31,T95I,6.60693162059,95
10,G142D,6.25878170326,142
18,Y145H,6.51731427212,145
21,N211I,7.40231658471,211
17,V213G,8.00617022103,213
28,A222V,7.09344754446,222
38,G339D,6.15602892929,339
54,R346K,7.12036632862,346
32,V367F,8.01646892851,367
49,S371L,7.595831093,371
47,S371F,7.97530168465,371
45,S373P,6.14436645649,373
48,S375F,7.93490086226,375
36,T376A,7.5192909166,376
20,P384L,6.25747585841,384
23,D405N,7.29078075316,405
7,R408S,7.83676808485,408
46,K417N,7.3492027058,417
16,K417T,7.82045464604,417
19,N439K,7.00435374504,439
15,N440K,7.30962544185,440
5,G446S,7.23629447661,446
3,Y449H,7.68207783961,449
24,L452Q,6.18880948734,452
56,L452R,6.04603460248,452
43,L452X,6.28234954653,452
34,S477N,7.89794235615,477
30,T478K,8.03663908854,478
14,E484A,7.70565610506,484
51,E484K,6.89921397308,484
53,E484Q,6.2596070198,484
40,F486V,6.18452718871,486
26,F490S,6.90556968045,490
50,Q493R,8.22784415192,493
9,S494P,6.45926393955,494
57,G496S,7.08117292821,496
52,Q498R,6.64926578847,498
33,N501Y,6.12764228525,501
35,N501T,6.65944304375,501
4,Y505H,7.07591450034,505
13,E516Q,6.33349373816,516
12,T547K,8.07447503305,547
2,Q613H,7.08722482465,613
41,D614G,8.00216552661,614
25,Q677H,6.12222949675,677
22,N679K,7.41450497346,679
0,P681R,6.47130272669,681
42,P681H,6.17464176537,681
55,A701V,7.72804612009,701
6,N764K,6.70597805591,764
27,D796Y,5.82741714637,796
44,N856K,7.96786449452,856
1,Q954H,7.14700104671,954
11,N969K,5.48945585396,969
29,L981F,4.69932906667,981
