,mutation,other
346R,2.3877551020408165,2.0073673469387754
701A,2.4081632653061225,2.0018367346938777
969N,2.3469387755102042,1.9814897959183673
981L,5.244897959183674,4.932142857142857
496G,4.122448979591836,4.11865306122449
677Q,4.1020408163265305,3.9555510204081634
145Y,2.306122448979592,2.004326530612245
681P,5.938775510204081,5.958020408163265
493Q,6.755102040816326,7.074510204081633
505Y,2.4081632653061225,1.9896326530612245
483V,5.938775510204081,5.985142857142857
547T,3.7142857142857144,3.6550204081632653
67A,2.2653061224489797,2.0115510204081635
954Q,2.4285714285714284,2.005591836734694
371S,2.3469387755102042,2.004020408163265
856N,4.224489795918367,3.9538775510204083
446G,4.6938775510204085,4.739163265306122
484E,5.061224489795919,4.995795918367347
501N,3.0,2.887714285714286
764N,3.326530612244898,2.976469387755102
394N,3.979591836734694,3.835265306122449
450N,3.2448979591836733,3.0078163265306124
414Q,3.2448979591836733,2.957673469387755
95T,2.2448979591836733,1.9478979591836734
449Y,4.163265306122449,4.001448979591837
478T,5.795918367346939,6.112061224489796
339G,2.4489795918367347,2.1391428571428572
452L,2.836734693877551,2.792795918367347
373S,3.306122448979592,2.980244897959184
516E,2.2857142857142856,1.957877551020408
669G,2.979591836734694,2.6979387755102042
440N,2.36734693877551,2.1672244897959185
367V,2.2653061224489797,1.9771020408163265
653A,3.183673469387755,2.798938775510204
613Q,2.36734693877551,1.9887551020408163
614D,2.306122448979592,1.9864897959183674
417K,3.9183673469387754,3.684551020408163
494S,5.8979591836734695,6.101224489795919
655H,2.3469387755102042,1.9974897959183673
679N,5.938775510204081,5.9364693877551025
384P,2.8979591836734695,2.7989591836734693
498Q,2.36734693877551,2.1367142857142856
142G,3.1020408163265305,2.8479183673469386
439N,2.2448979591836733,2.018265306122449
796D,2.5918367346938775,2.2422857142857144
477S,4.918367346938775,5.12304081632653
375S,2.306122448979592,1.9960408163265306
222A,2.7755102040816326,2.690326530612245
490F,4.448979591836735,4.507591836734694
