aa,aa,degree,weighted degree,average weighted degree,conservation,normalized conservation,closeness centrality,betweenness centrality,degree centrality
346R,346R,745,288.67530529576453,0.3874836312694826,1.251,0.1266266266266265,301.7712682683152,0.01312880710973878,0.5856918238993711
367V,367V,750,333.055525108715,0.44407403347828667,1.7890000000000001,0.3958958958958959,183.74221030977577,0.0,0.589622641509434
384P,384P,636,64.44575266575326,0.10132979978892022,2.278,0.6406406406406406,280.6154618908871,0.006532394143174542,0.5
414Q,414Q,440,23.60102460237088,0.053638692278115636,1.482,0.24224224224224222,276.91786485651795,0.0119353354215222,0.3459119496855346
417K,417K,579,52.56493715374992,0.09078572910837637,1.426,0.21421421421421416,292.9084344206293,0.0043235901013909716,0.45518867924528306
439N,439N,741,234.40309167808422,0.3163334570554443,1.516,0.2592592592592592,213.6448340625534,1.6082023266976432e-05,0.5825471698113208
449Y,449Y,0,0.0,0.0,0.0,0.0,0.0,0.0,0.0
450N,450N,550,36.941344492762255,0.06716608089593137,1.871,0.4369369369369368,232.76035715264112,0.00011010000544314635,0.43238993710691825
452L,452L,682,72.21790671352832,0.1058913588174902,1.324,0.16316316316316315,208.9656150127417,0.0008313168950313971,0.5361635220125787
477S,477S,0,0.0,0.0,0.0,0.0,0.0,0.0,0.0
478T,478T,0,0.0,0.0,0.0,0.0,0.0,0.0,0.0
484E,484E,0,0.0,0.0,0.0,0.0,0.0,0.0,0.0
490F,490F,0,0.0,0.0,0.0,0.0,0.0,0.0,0.0
494S,494S,0,0.0,0.0,0.0,0.0,0.0,0.0,0.0
501N,501N,684,47.20976946446655,0.06902013079600372,1.385,0.1936936936936936,270.34844504916276,0.0071209343408102374,0.5377358490566038
516E,516E,801,372.0367010186453,0.4644652946549879,1.76,0.38138138138138133,185.3726375069785,0.0,0.6297169811320755
613Q,613Q,739,344.4228956930958,0.4660661646726601,1.845,0.42392392392392386,255.52542080265195,4.206067623670759e-05,0.5809748427672956
614D,614D,775,345.03164353368675,0.4452021206886281,1.892,0.44744744744744736,199.55692552413905,0.0,0.6092767295597484
653A,653A,638,73.66306963721928,0.11545935679814934,2.425,0.714214214214214,293.8510695368215,0.010896498572411166,0.5015723270440252
655H,655H,723,318.33457139453145,0.44029677924554833,2.07,0.5365365365365364,267.59854288364403,0.0015228438955113837,0.5683962264150944
677Q,677Q,0,0.0,0.0,0.0,0.0,0.0,0.0,0.0
679N,679N,0,0.0,0.0,0.0,0.0,0.0,0.0,0.0
681P,681P,0,0.0,0.0,0.0,0.0,0.0,0.0,0.0
701A,701A,712,275.8010216238756,0.3873609854267916,1.608,0.3053053053053053,101.44318403697342,0.0,0.559748427672956
