,mutation,other
679N,0.0,0.0
613Q,1.0,1.117359413202934
655H,1.0666666666666667,1.1344743276283618
501N,0.9333333333333333,1.1858190709046454
384P,1.1333333333333333,1.2371638141809291
450N,0.9333333333333333,1.3447432762836187
516E,0.9333333333333333,1.0378973105134475
367V,1.0,1.1026894865525672
484E,0.0,0.0
653A,1.0,1.2359413202933984
439N,0.9333333333333333,1.1124694376528117
414Q,1.3333333333333333,1.4731051344743276
490F,0.0,0.0
614D,1.0,1.069682151589242
681P,0.0,0.0
494S,0.0,0.0
478T,0.0,0.0
417K,1.0,1.3092909535452322
477S,0.0,0.0
346R,1.0,1.10880195599022
677Q,0.0,0.0
701A,1.1333333333333333,1.147921760391198
452L,1.0666666666666667,1.1821515892420538
449Y,0.0,0.0
