,name1,name2,pearsonr correlation,pearsonr p,spearmanr correlation,spearmanr p,total data,not null data,top3
0,BFE,co-conservation,0.2507680008215268,0.004151650508470442,0.2286987305810796,0.009137131104261061,145,129,"S371F-D614G(7.99),S375F-D614G(7.97),S477N-T478K(7.97)"
1,BFE,edge centrality,0.12970637937001125,0.14291039447322723,-0.2117179828583093,0.016012991150787848,145,129,"S371F-D614G(7.99),S375F-D614G(7.97),S477N-T478K(7.97)"
2,stability,co-conservation,0.09457466200247075,0.26120697497044615,0.004142923685392263,0.9608335805364211,145,143,"T95I-G142D(-2.98),G142D-N501Y(-2.88),T376A-D405N(-1.53)"
3,stability,edge centrality,0.02287102478499486,0.7862889232983495,-0.045215937914251304,0.5917976642668547,145,143,"T95I-G142D(-2.98),G142D-N501Y(-2.88),T376A-D405N(-1.53)"
