,name1,name2,pearsonr correlation,pearsonr p,spearmanr correlation,spearmanr p,total data,not null data,top3
0,BFE,co-conservation,0.896808471290468,3.273616030376989e-05,0.8674033149171271,0.00012258770827269257,15,13,"B.1.526(Iota)(7.87),B.1.351(Beta)(7.87),B.1.621(Mu)(7.56)"
1,BFE,edge centrality,-0.32438674244051074,0.27955092712712204,-0.8258318791426512,0.0005050351098633619,15,13,"B.1.526(Iota)(7.87),B.1.351(Beta)(7.87),B.1.621(Mu)(7.56)"
2,stability,co-conservation,0.4865101273715863,0.06591644811220305,0.5139265326814911,0.05002661200817422,15,15,"AY.4.2(-1.35),AV.1(-1.11),B.1.1.7+L452R(-0.96)"
3,stability,edge centrality,0.06351071260032479,0.8220864097856517,-0.5521555770645824,0.03282443394020606,15,15,"AY.4.2(-1.35),AV.1(-1.11),B.1.1.7+L452R(-0.96)"
