aa,aa,degree,weighted degree,average weighted degree,conservation,normalized conservation
346R,346R,745,288.67530529576453,0.3874836312694826,1.251,0.1266266266266266
367V,367V,750,333.0555251087151,0.4440740334782868,1.789,0.3958958958958959
384P,384P,636,64.44575266575326,0.10132979978892022,2.278,0.6406406406406407
414Q,414Q,440,23.60102460237088,0.053638692278115636,1.482,0.24224224224224222
417K,417K,579,52.56493715374992,0.09078572910837637,1.426,0.21421421421421416
439N,439N,741,234.40309167808422,0.3163334570554443,1.516,0.2592592592592593
449Y,449Y,0,0.0,0.0,0.0,0.0
450N,450N,550,36.941344492762255,0.06716608089593137,1.871,0.4369369369369369
452L,452L,682,72.21790671352832,0.1058913588174902,1.324,0.16316316316316315
477S,477S,0,0.0,0.0,0.0,0.0
478T,478T,0,0.0,0.0,0.0,0.0
484E,484E,0,0.0,0.0,0.0,0.0
490F,490F,0,0.0,0.0,0.0,0.0
494S,494S,0,0.0,0.0,0.0,0.0
501N,501N,684,47.20976946446655,0.06902013079600372,1.385,0.1936936936936937
516E,516E,801,372.0367010186454,0.464465294654988,1.76,0.38138138138138145
613Q,613Q,739,344.42289569309577,0.46606616467266004,1.845,0.423923923923924
614D,614D,775,345.03164353368675,0.4452021206886281,1.892,0.44744744744744747
653A,653A,638,73.66306963721927,0.11545935679814932,2.425,0.7142142142142142
655H,655H,723,318.33457139453145,0.44029677924554833,2.07,0.5365365365365365
677Q,677Q,0,0.0,0.0,0.0,0.0
679N,679N,0,0.0,0.0,0.0,0.0
681P,681P,0,0.0,0.0,0.0,0.0
701A,701A,712,275.8010216238756,0.3873609854267916,1.608,0.3053053053053053
