,name1,name2,pearsonr correlation,pearsonr p,spearmanr correlation,spearmanr p,total data,not null data,top3
0,BFE,co-conservation,0.5109325194887053,0.009052913160502992,0.5576923076923077,0.003772754204572151,28,25,"B.1.1.519(7.97),B.1.351(Beta)(7.92),A.23.1+E484K(7.62)"
1,stability,co-conservation,-0.30265705502229634,0.11747337000560716,-0.3013698630136986,0.11911943284091363,28,28,"C.37(Lambda)(-1.75),C.1.2(-1.36),B.1.525(Eta)(-1.11)"
