,name1,name2,pearsonr correlation,pearsonr p,spearmanr correlation,spearmanr p,total data,not null data,top3
0,BFE,co-conservation,0.2723723017410208,0.00010359914921308433,0.23250223296485847,0.0009801258757229344,1012,198,"D215G-D614G(8.05),S371F-D614G(7.99),D614G-T732A(7.97)"
1,BFE,shortest path length,0.18235302620162103,3.302965460788803e-08,0.1787775951715586,6.147739849052246e-08,1012,905,"Q493R-T547K(8.15),T478K-Q493R(8.13),V213G-Q493R(8.12)"
2,stability,co-conservation,0.12457421226735528,0.056528566259711685,0.10936088428435277,0.09441562156671728,1012,235,"T95I-G142D(-2.98),G142D-N501Y(-2.88),P9L-T859N(-2.87)"
3,stability,shortest path length,0.012670863772642024,0.6872404131930917,-0.029406050787129396,0.3500410297007577,1012,1012,"G142D-E156G(-4.22),G142D-Y145H(-3.62),G142D-N439K(-3.38)"
