,,name1,name2,correlation,p
single,0,conservation,stability,0.22689313640112393,0.16482092069689178
single,1,conservation,BFE,0.01784749340070077,0.9141228458051531
single,2,stability,BFE,0.1461250052885546,0.37473549251990124
co,0,co-conservation,BFE,0.23358196273291992,0.000157614600499375
co,1,co-conservation,stability,0.08030544351053491,0.19942485926531323
co,2,BFE,stability,0.1492746935707756,0.01662839329812195
