,name1,name2,pearsonr correlation,pearsonr p,spearmanr correlation,spearmanr p,total data,not null data,top3
0,BFE,shortest path length,0.12249231223395779,0.5042135724619196,-0.022360703812316713,0.9033158809879338,33,32,"B.1.1.519(7.54),P.2(Zeta)(7.45),B.1.351(Beta)(7.42)"
1,stability,shortest path length,0.18424234668631623,0.304702072754468,0.33689839572192515,0.0552151195830273,33,33,"C.37(Lambda)(-1.92),B.1.427(Epsilon)(-1.48),AY.4.2(-1.38)"
