name,aa,conservation,BFE,stability
G142D,142G,0.025025025025025016,6.25878170326,-4.775
R346K,346R,0.1266266266266266,7.12036632862,-0.063
L452R,452L,0.16316316316316315,6.04603460248,-0.927
L452Q,452L,0.16316316316316315,6.18880948734,-2.675
Y145H,145Y,0.1736736736736737,6.51731427212,-2.455
A222V,222A,0.1911911911911911,7.09344754446,0.298
N501Y,501N,0.1936936936936937,6.12764228525,-0.993
N501T,501N,0.1936936936936937,6.65944304375,-1.074
A67V,67A,0.20070070070070067,5.18366596598,-1.293
V213G,213V,0.21071071071071068,8.00617022103,-1.789
N440K,440N,0.21071071071071068,7.30962544185,-0.339
N211I,211N,0.21321321321321318,7.40231658471,-0.206
K417N,417K,0.21421421421421416,7.3492027058,-0.878
K417T,417K,0.21421421421421416,7.82045464604,-0.763
S373P,373S,0.23623623623623624,6.14436645649,-0.316
T95I,95T,0.23673673673673679,6.60693162059,-1.187
Q498R,498Q,0.24524524524524527,6.64926578847,-0.745
G339D,339G,0.2482482482482482,6.15602892929,0.182
N439K,439N,0.2592592592592593,7.00435374504,-1.977
Y505H,505Y,0.26126126126126126,7.07591450034,-0.379
D796Y,796D,0.27327327327327333,5.82741714637,-0.116
S371F,371S,0.29329329329329334,7.97530168465,-0.184
S371L,371S,0.29329329329329334,7.595831093,-0.059
A701V,701A,0.3053053053053053,7.72804612009,-0.366
D405N,405D,0.3238238238238238,7.29078075316,-1.393
R408S,408R,0.35385385385385393,7.83676808485,-0.282
S375F,375S,0.3773773773773774,7.93490086226,-0.11
E516Q,516E,0.38138138138138145,6.33349373816,-0.718
V367F,367V,0.3958958958958959,8.01646892851,-0.316
T376A,376T,0.4194194194194195,7.5192909166,-1.665
Q613H,613Q,0.423923923923924,7.08722482465,-0.692
N969K,969N,0.43093093093093093,5.48945585396,-0.32
D614G,614D,0.44744744744744747,8.00216552661,-0.252
Q954H,954Q,0.546046046046046,7.14700104671,-0.544
T547K,547T,0.5780780780780782,8.07447503305,-0.184
P384L,384P,0.6406406406406407,6.25747585841,-0.169
N856K,856N,0.7827827827827828,7.96786449452,-1.662
L981F,981L,0.8258258258258259,4.69932906667,-0.305
N764K,764N,1.0,6.70597805591,-1.126
